{"epoch": [0, 1, 2, 3, 4, 5, 6, 7, 8, 9, 10, 11, 12, 13, 14, 15, 16, 17, 18, 19, 20, 21, 22, 23, 24, 25, 26, 27, 28, 29, 30, 31, 32, 33, 34, 35, 36, 37, 38, 39, 40, 41, 42, 43, 44, 45, 46, 47, 48, 49, 50, 51, 52, 53, 54, 55, 56, 57, 58, 59, 60, 61, 62, 63, 64, 65, 66, 67, 68, 69, 70, 71, 72, 73, 74, 75, 76, 77, 78, 79, 80, 81, 82, 83, 84, 85, 86, 87, 88, 89, 90, 91, 92, 93, 94, 95, 96, 97, 98, 99, 100, 101, 102, 103, 104, 105, 106, 107, 108, 109, 110, 111, 112, 113, 114, 115, 116, 117, 118, 119], "loss": [6.437573273976644, 5.636961936950684, 4.952958583831787, 4.240301052729289, 3.6979856491088867, 3.336291048261854, 3.204321675830417, 2.882537762324015, 2.877886931101481, 2.7260302437676325, 2.757883151372274, 2.733449697494507, 2.80866101053026, 2.6583864953782825, 2.467777517106798, 2.607965177959866, 2.498109949959649, 2.5834094418419733, 2.448615074157715, 2.4788590802086725, 2.454376803504096, 2.4108292526668973, 2.4012500709957547, 2.3493327034844294, 2.317216475804647, 2.4823882844713, 2.339886744817098, 2.417588790257772, 2.348687039481269, 2.321571429570516, 2.450891468260023, 2.246615913179186, 2.3783934911092124, 2.3435669210222034, 2.2725298934512668, 2.173593931727939, 2.3067255947324963, 2.2249601682027182, 2.192748745282491, 2.1580699019961886, 2.1289503309461804, 2.1476602951685586, 2.157003495428297, 2.185863150490655, 2.1344512038760715, 2.1541763411627874, 2.188317961162991, 2.171868165334066, 2.2373820410834417, 2.180116878615485, 2.1779516140619912, 2.1692771911621094, 2.1893546183904014, 2.132158120473226, 2.118791182835897, 2.113098634613885, 2.1853068934546576, 2.156442986594306, 2.161763323677911, 2.206810885005527, 2.171655191315545, 2.090685725212097, 2.1432551542917886, 2.1718000835842557, 2.136144585079617, 2.149846500820584, 2.1378933721118503, 2.175169414944119, 2.1230118009779186, 2.134592877493964, 2.130163563622369, 2.1842300759421454, 2.1101819276809692, 2.1302860577901206, 2.120544102456835, 2.172153459654914, 2.12885144021776, 2.0761373705334134, 2.112967769304911, 2.1506671640608044, 2.109264334042867, 2.146730899810791, 2.2126036485036216, 2.1147743595971003, 2.1007716920640735, 2.1530717611312866, 2.227941724989149, 2.133006281322903, 2.0481482479307385, 2.1304647657606335, 2.1108370886908636, 2.0907345480389066, 2.1076482269499035, 2.157217780749003, 2.138397971789042, 2.1660888459947376, 2.1019195715586343, 2.123715957005819, 2.0999811622831555, 2.118866933716668, 2.1029466655519276, 2.1166808472739325, 2.1208883788850574, 2.222142457962036, 2.071555773417155, 2.1430876519944935, 2.0902952088250055, 2.109002470970154, 2.161826835738288, 2.062814328405592, 2.1143876579072742, 2.100799944665697, 2.0496063232421875, 2.178639941745334, 2.1481736765967474, 2.1473740206824408, 2.1175951427883573, 2.204261157247755, 2.0894180138905845, 2.1241728332307606], "sec": [0.13299989700317383, 0.1310415267944336, 0.13109207153320312, 0.12951993942260742, 0.12942957878112793, 0.1293959617614746, 0.13000798225402832, 0.12589621543884277, 0.12778949737548828, 0.12272882461547852, 0.12229275703430176, 0.12384295463562012, 0.12424659729003906, 0.12410140037536621, 0.12389302253723145, 0.12288546562194824, 0.12545394897460938, 0.12941336631774902, 0.12572002410888672, 0.14786553382873535, 0.12744975090026855, 0.1272728443145752, 0.12772750854492188, 0.12751245498657227, 0.12912583351135254, 0.13045167922973633, 0.12890887260437012, 0.12943506240844727, 0.12860393524169922, 0.1309046745300293, 0.1281275749206543, 0.1304178237915039, 0.12920284271240234, 0.12892389297485352, 0.12946367263793945, 0.12736034393310547, 0.1291656494140625, 0.12881779670715332, 0.13092851638793945, 0.13037586212158203, 0.12925338745117188, 0.12793731689453125, 0.12975382804870605, 0.13135600090026855, 0.1298072338104248, 0.12826991081237793, 0.12730884552001953, 0.12668514251708984, 0.12251901626586914, 0.12342071533203125, 0.12293767929077148, 0.12220406532287598, 0.12213134765625, 0.12355947494506836, 0.1266646385192871, 0.12667202949523926, 0.12454962730407715, 0.13412737846374512, 0.12732291221618652, 0.12560677528381348, 0.12702441215515137, 0.12638640403747559, 0.12981796264648438, 0.1288158893585205, 0.1280529499053955, 0.12961435317993164, 0.12891578674316406, 0.12748241424560547, 0.12947702407836914, 0.1290731430053711, 0.12784385681152344, 0.12920022010803223, 0.12955760955810547, 0.1288895606994629, 0.1282341480255127, 0.13144278526306152, 0.1289982795715332, 0.12943744659423828, 0.13145160675048828, 0.13015127182006836, 0.13010883331298828, 0.12885737419128418, 0.12837433815002441, 0.12929868698120117, 0.12898993492126465, 0.13053202629089355, 0.12835478782653809, 0.12913751602172852, 0.1323232650756836, 0.1285698413848877, 0.1314990520477295, 0.13160085678100586, 0.13839054107666016, 0.13132905960083008, 0.15920209884643555, 0.13401436805725098, 0.13671159744262695, 0.1327195167541504, 0.13376379013061523, 0.1346893310546875, 0.13359951972961426, 0.13489556312561035, 0.13738179206848145, 0.13634943962097168, 0.1349775791168213, 0.13561344146728516, 0.13555264472961426, 0.1362452507019043, 0.13429570198059082, 0.13680791854858398, 0.1380293369293213, 0.135451078414917, 0.1365518569946289, 0.14020395278930664, 0.137709379196167, 0.14152288436889648, 0.13936662673950195, 0.14455175399780273, 0.1366593837738037, 0.1372971534729004], "lr": [0.0001, 0.0001, 0.0001, 0.0001, 0.0001, 0.0001, 0.0001, 0.0001, 0.0001, 0.0001, 0.0001, 0.0001, 0.0001, 0.0001, 0.0001, 0.0001, 0.0001, 0.0001, 0.0001, 0.0001, 0.0001, 0.0001, 0.0001, 0.0001, 0.0001, 0.0001, 0.0001, 0.0001, 0.0001, 0.0001, 0.0001, 0.0001, 0.0001, 0.0001, 0.0001, 0.0001, 0.0001, 0.0001, 0.0001, 0.0001, 1e-05, 1e-05, 1e-05, 1e-05, 1e-05, 1e-05, 1e-05, 1e-05, 1e-05, 1e-05, 1e-05, 1e-05, 1e-05, 1e-05, 1e-05, 1e-05, 1e-05, 1e-05, 1e-05, 1e-05, 1e-05, 1e-05, 1e-05, 1e-05, 1e-05, 1e-05, 1e-05, 1e-05, 1e-05, 1e-05, 1e-05, 1e-05, 1e-05, 1e-05, 1e-05, 1e-05, 1e-05, 1e-05, 1e-05, 1e-05, 1.0000000000000002e-06, 1.0000000000000002e-06, 1.0000000000000002e-06, 1.0000000000000002e-06, 1.0000000000000002e-06, 1.0000000000000002e-06, 1.0000000000000002e-06, 1.0000000000000002e-06, 1.0000000000000002e-06, 1.0000000000000002e-06, 1.0000000000000002e-06, 1.0000000000000002e-06, 1.0000000000000002e-06, 1.0000000000000002e-06, 1.0000000000000002e-06, 1.0000000000000002e-06, 1.0000000000000002e-06, 1.0000000000000002e-06, 1.0000000000000002e-06, 1.0000000000000002e-06, 1.0000000000000002e-06, 1.0000000000000002e-06, 1.0000000000000002e-06, 1.0000000000000002e-06, 1.0000000000000002e-06, 1.0000000000000002e-06, 1.0000000000000002e-06, 1.0000000000000002e-06, 1.0000000000000002e-06, 1.0000000000000002e-06, 1.0000000000000002e-06, 1.0000000000000002e-06, 1.0000000000000002e-06, 1.0000000000000002e-06, 1.0000000000000002e-06, 1.0000000000000002e-06, 1.0000000000000002e-06, 1.0000000000000002e-06, 1.0000000000000002e-06, 1.0000000000000002e-06],